#
#  Aliases in this file will NOT be expanded in the header from
#  Mail, but WILL be visible over networks or from /bin/mail.
#
#	>>>>>>>>>>	The program "newaliases" must be run after
#	>> NOTE >>	this file is updated for any changes to
#	>>>>>>>>>>	show through to sendmail.
#

# Basic system aliases -- these MUST be present.
mailer-daemon:	postmaster
postmaster:	root

# General redirections for pseudo accounts.
bin:		root
daemon:		root
adm:		root
lp:		root
sync:		root
shutdown:	root
halt:		root
mail:		root
news:		root
uucp:		root
operator:	root
games:		root
gopher:		root
ftp:		root
nobody:		root
radiusd:	root
nut:		root
dbus:		root
vcsa:		root
canna:		root
wnn:		root
rpm:		root
nscd:		root
pcap:		root
apache:		root
webalizer:	root
dovecot:	root
fax:		root
quagga:		root
radvd:		root
pvm:		root
amanda:		root
privoxy:	root
ident:		root
named:		root
xfs:		root
gdm:		root
mailnull:	root
postgres:	root
sshd:		root
smmsp:		root
postfix:	root
netdump:	root
ldap:		root
squid:		root
ntp:		root
mysql:		root
desktop:	root
rpcuser:	root
rpc:		root
nfsnobody:	root

ingres:		root
system:		root
toor:		root
manager:	root
dumper:		root
abuse:		root

newsadm:	news
newsadmin:	news
usenet:		news
ftpadm:		ftp
ftpadmin:	ftp
ftp-adm:	ftp
ftp-admin:	ftp
www:		webmaster
webmaster:	root
noc:		root
security:	root
hostmaster:	root
info:		postmaster
marketing:	postmaster
sales:		postmaster
support:	postmaster


# trap decode to catch security attacks
decode:		root

# Person who should get root's mail
#root:		marc

#Postfix
x: knicodemus
dnsemail: it.admins
it.admins: knicodemus, mdeclara, schan, gleete, npollack, mneyland
kyle.nicodemus:	knicodemus
michael.declara: mdeclara
stanley.chan: schan
gordon.leete: gleete
nate.pollack: npollack
michael.neyland: mneyland
Michael.Ashman: MAshman
Steve.Aslett: SAslett
Steven.Asmuth: SAsmuth
Stephen.Asselin: SAsselin
Josette.Bachelor: JBachelor
George.Barideaux: GBarideaux
Jason.Barry: JBarry
Paul.Barry: PBarry
Walter.Bartlett: WBartlett
Janice.Bascot: JBascot
Anthony.Beideck: ABeideck
John.Beideman: JBeideman
Sidney.Belfield: SBelfield
Laverne.Bisig: LBisig
Karen.Black: KBlack
Kevin.Brewster: KBrewster
David.Briggs: DBriggs
Brian.Brophy: BBrophy
David.Brown: DBrown
Deborah.Brown: DBrown1
Marjorie.Bucci: MBucci
Nicholas.Burns: NBurns
Sharon.Cadillac: SCadillac
Fitzroy.Chesworth: FChesworth
Barbara.Chiarenza: BChiarenza
Cynthia.Coapman: CCoapman
Victoria.Cody: VCody
James.Cohen: JCohen
Eric.Crammell: ECrammell
Claudia.Crawley: CCrawley
Charles.Creel: CCreel
Kathleen.Dettore: KDettore
Todd.Devey: TDevey
Amy.Dewey: ADewey
Kevin.Dewind: KDewind
Andrew.Dillard: ADillard
Amy.Dillman: ADillman
Thomas.Doohan: TDoohan
Ruth.Dooley: RDooley
Rosana.Dorman: RDorman
Edward.Dorn: EDorn
Louis.Duncan: LDuncan
Edward.Dunn: EDunn
Eric.Eddy: EEddy
Donald.Eldredge: DEldredge
Albert.Elliott: AElliott
Erik.Elliott: EElliott
Andreas.Felder: AFelder
Conner.Finlay: CFinlay
Glenn.Fishman: GFishman
Maria.Fiske: MFiske
Carl.Fitch: CFitch
Mary.Fitzmorris: MFitzmorris
Arthur.Flaherty: AFlaherty
Joanne.Freeman: JFreeman
Carolyn.Freida: CFreida
Alexander.Frenzel: AFrenzel
Robert.Friedman: RFriedman
Matthew.Gardner: MGardner
Lindsay.Garey: LGarey
Gilbert.Garland: GGarland
Robert.Garner: RGarner
Anne.Gartland: AGartland
Richard.Gasper: RGasper
Nancy.Gilmore: NGilmore
Bertrand.Ginevra: BGinevra
Ravi.Ging: RGing
Evelyn.Giroud: EGiroud
Carlton.Giuliani: CGiuliani
Julia.Gouveia: JGouveia
Andrew.Goya: AGoya
Jonathan.Grace: JGrace
Peter.Grammatica: PGrammatica
Michael.Greene: MGreene
Philip.Greene: PGreene
Fred.Greer: FGreer
Nolan.Haas: NHaas
James.Habets: JHabets
Paul.Haefner: PHaefner
Timothy.Hagan: THagan
Joan.Haggerty: JHaggerty
Cathy.Hanson: CHanson
Bud.Harden: BHarden
Richard.Harmon: RHarmon
Lois.Hendrick: LHendrick
Louisa.Hendricks: LHendricks
Gary.Henecke: GHenecke
Jewel.Hoffman: JHoffman
James.Hofstetter: JHofstetter
Charlotte.Hogeman: CHogeman
Bernard.Hogestyn: BHogestyn
Michael.Holdren: MHoldren
Aaron.Holland: AHolland
Charles.Holland: CHolland
George.Holleran: GHolleran
Gary.Horton: GHorton
Judy.Hoselton: JHoselton
Jack.Hourmanesh: JHourmanesh
Benedict.Housel: BHousel
Virginia.Hummel: VHummel
Warren.Humrich: WHumrich
Helen.Hunt: HHunt
Bobbi.Hurd: BHurd
Diana.Huschen: DHuschen
Mark.Huscher: MHuscher
Joey.Imbasciano: JImbasciano
Kerry.Ivers: KIvers
Viktor.Ives: VIves
Brian.Jacobs: BJacobs
Betty.Jagla: BJagla
Ross.Jakubek: RJakubek
Bart.James: BJames
Elizabeth.James: EJames
Christine.Jenkins: CJenkins
Catherine.Jennings: CJennings
William.Jeszenka: WJeszenka
Scott.Jilson: SJilson
Carmen.Johnston: CJohnston
Jane.Johnstone: JJohnstone
Alan.Jones: AJones
Henry.Jones: HJones
Peter.Jones: PJones
Scott.Kalvass: SKalvass
Joshua.Kammer: JKammer
Kathryn.Kammer: KKammer
Alfred.Kaplan: AKaplan
Robert.Kaplin: RKaplin
Melinda.Katrencik: MKatrencik
Vinko.Kaur: VKaur
Anne.Kawski: AKawski
John.Kelley: JKelley
Harry.Kelsey: HKelsey
Phillip.Kemp: PKemp
Terrence.Kennedy: TKennedy
Patti.Kenney: PKenney
Jason.Kidulich: JKidulich
Dominic.Kielon: DKielon
Ethel.Kilbourne: EKilbourne
Daniel.Kilbridge: DKilbridge
Illias.Kilpatrick: IKilpatrick
Jeffrie.Kimball: JKimball
Marianna.Kinsman: MKinsman
Lawrence.Kinz: LKinz
Allen.Klein: AKlein
David.Klemen: DKlemen
Oliver.Klenk: OKlenk
Claude.Klove: CKlove
Edith.Knapp: EKnapp
Christopher.Kohl: CKohl
Keith.Kole: KKole
Randy.Kolesar: RKolesar
Lily.Konz: LKonz
Carolyn.Kooshian: CKooshian
Nicholas.Kopar: NKopar
Rosalie.Kordon: RKordon
Charles.Krieg: CKrieg
Suzanne.Krishnann: SKrishnann
Frederick.Krogemann: FKrogemann
Ambrose.Kruetter: AKruetter
Adolph.Krug: AKrug
Margaret.Krzykowski: MKrzykowski
David.Kuhn: DKuhn
Peggy.Kuhn: PKuhn
Gustave.LaDelfa: GLaDelfa
Samuel.LaDunk: SLaDunk
Ahmad.Lach: ALach
Alexis.Lacy: ALacy
Jasper.Ladelfa: JLadelfa
Michael.Lagana: MLagana
Merlyn.Laird: MLaird
April.Lasher: ALasher
Pierce.Laszewski: PLaszewski
Adrienne.Latina: ALatina
Jacques.Lau: JLau
Diana.Lavallee: DLavallee
Meera.Leehouts: MLeehouts
Darlyn.Legge: DLegge
Melinda.Leinck: MLeinck
Marisa.Leisner: MLeisner
Cyndy.Lembke: CLembke
Alva.Lemme: ALemme
Jean.Lemon: JLemon
Celeste.Lemos: CLemos
Kathleen.Letts: KLetts
Bernard.Leve: BLeve
Eldon.Levy: ELevy
Lisa.Lewis: LLewis
Kelly.Lieber: KLieber
John.Lincoln: JLincoln
Floyd.Lindenmayer: FLindenmayer
Joyce.Lindsay: JLindsay
Jerome.Lipani: JLipani
Marybeth.Lippa: MLippa
Troy.Listz: TListz
Elfriede.Livermore: ELivermore
Angela.Llojaj: ALlojaj
Armond.Lloyd: ALloyd
Maxwell.Lombardo: MLombardo
Gerald.Long: GLong
Eligio.Look: ELook
David.Loose: DLoose
Nicolette.Lovullo: NLovullo
Sharlet.Lowenberger: SLowenberger
Danial.Lowry: DLowry
Colleen.Lucci: CLucci
Katrina.Lucey: KLucey
William.Lucisano: WLucisano
Paige.Lynch: PLynch
Lynda.Lyons: LLyons
Levytaka.Lyubomirsky: LLyubomirsky
Lenora.Macadam: LMacadam
Alex.Macalusa: AMacalusa
Martin.Mahar: MMahar
Gary.Mahon: GMahon
Miguel.Maier: MMaier
Brian.Mailhot: BMailhot
Kathleen.Majchrzak: KMajchrzak
Traci.Majors: TMajors
Christine.Makridis: CMakridis
Johnna.Manderville: JManderville
Shirley.Manfre: SManfre
Jeanette.Maniske: JManiske
Herbert.Mann: HMann
Bonnie.Mannillo: BMannillo
Lydia.Mariani: LMariani
Franklyn.Marino: FMarino
Jasper.Markel: JMarkel
Malcolm.Marks: MMarks
Michele.Marvin: MMarvin
Louise.Marzouk: LMarzouk
Angelina.Mason: AMason
Stephen.Masters: SMasters
Perry.McCaw: PMcCaw
Armand.McClure: AMcClure
Daryl.McConnell: DMcConnell
Bonita.McCormick: BMcCormick
Margo.Mcgrody: MMcgrody
Lillie.Mcilveen: LMcilveen
Jesse.Mckenna: JMckenna
Hugh.Mckinney: HMckinney
Patricia.Meeson: PMeeson
Gayle.Melino: GMelino
Pamela.Melnyk: PMelnyk
Alma.Metzger: AMetzger
Robert.Meyerhofer: RMeyerhofer
Vito.Mezzoprete: VMezzoprete
Donna.Michaels: DMichaels
Donald.Michen: DMichen
Terri.Mihlitsas: TMihlitsas
Carlos.Mikols: CMikols
Karen.Millen: KMillen
Lee.Miller: LMiller
Scott.Miller: SMiller
Lisa.Millet: LMillet
Justin.Million: JMillion
Michelle.Milner: MMilner
Rosalie.Monachino: RMonachino
Salvatore.Monajati: SMonajati
Charles.Monney: CMonney
Bruce.Monoca: BMonoca
Susan.Monroe: SMonroe
Christina.Moore: CMoore
Jason.Moore: JMoore
Victor.Moore: VMoore
Morgan.Moorehead: MMoorehead
Edward.Morales: EMorales
Eleanor.Morano: EMorano
Karla.Morrow: KMorrow
Josephine.Morse: JMorse
Angelo.Moses: AMoses
Andrew.Mosley: AMosley
Timothy.Moss: TMoss
Rodney.Mulley: RMulley
Roseann.Munding: RMunding
Jon.Munnings: JMunnings
Leonard.Murante: LMurante
Kristin.Musus: KMusus
Nancy.Nagle: NNagle
Alice.Nankov: ANankov
Marla.Narham: MNarham
Ludwig.Nash: LNash
Gail.Natale: GNatale
Peter.Neubauer: PNeubauer
Steven.Neusatz: SNeusatz
Simon.Neusch: SNeusch
Alicia.Newbury: ANewbury
Earl.Newell: ENewell
Linda.Nicolosi: LNicolosi
Adrian.Niedzielski: ANiedzielski
Tonja.Nirons: TNirons
Rana.Nissenbaum: RNissenbaum
Christina.Nobile: CNobile
Lillian.Nundy: LNundy
Amanda.Obrian: AObrian
Paul.Obrien: PObrien
Lyle.O'brien: LO'brien
Hewlett.Packard: HPackard
Aaron.Paganelli: APaganelli
Margie.Page: MPage
Thomas.Pagiaro: TPagiaro
Roger.Palermo: RPalermo
Erika.Palleschi: EPalleschi
Anthony.Paola: APaola
Bernice.Papenfuse: BPapenfuse
Marybeth.Parham: MParham
Joann.Parisi: JParisi
Erica.Park: EPark
Bernadette.Parry: BParry
Carolyn.Partee: CPartee
Paul.Parzynski: PParzynski
Judith.Pastor: JPastor
Eugene.Patecki: EPatecki
Joann.Percas: JPercas
Dana.Peres: DPeres
Vladmir.Perez-Carrero: VPerez-Carrero
Jennifer.Perkins: JPerkins
Kimberly.Pernot: KPernot
Nazilla.Pham: NPham
William.Phelps: WPhelps
Nicholas.Philips: NPhilips
Teresa.Phillips: TPhillips
Monica.Picard: MPicard
Cierra.Pierson: CPierson
Craig.Pietzold: CPietzold
Eldred.Pilaroscia: EPilaroscia
Edith.Pinkeney: EPinkeney
Ronald.Pinsonneault: RPinsonneault
Edwardo.Pizzo: EPizzo
Cheryl.Plandowski: CPlandowski
Blaire.Plummer: BPlummer
Arthur.Plunkett: APlunkett
Brendan.Pocock: BPocock
Darrell.Poutre: DPoutre
Carlos.Powell: CPowell
Shawn.Poyurovsky: SPoyurovsky
Patricia.Prattico: PPrattico
Yolanda.Prautzsch: YPrautzsch
Sean.Puls: SPuls
Paula.Puplijovski: PPuplijovski
Wade.Putney: WPutney
Sheryl.Quackenbush: SQuackenbush
Frances.Ragusa: FRagusa
Leo.Raimondo: LRaimondo
Scot.Raley: SRaley
Russell.Ramsay: RRamsay
Mark.Ramsey: MRamsey
Denis.Ranck: DRanck
Murle.Raye: MRaye
Stanley.Raymond: SRaymond
Pedro.Raymour: PRaymour
Craig.Read: CRead
Lamont.Recco: LRecco
Domenic.Reckhemmer: DReckhemmer
Queener.Refermat: QRefermat
Ambrit.Regan: ARegan
Debra.Regna: DRegna
Vasko.Reid: VReid
Vincent.Reimringer: VReimringer
Marianna.Ressig: MRessig
Francesco.Reule: FReule
Jeremy.Reyner: JReyner
Sebastian.Reynolds: SReynolds
Antonella.Rhodey: ARhodey
Erinn.Richmond: ERichmond
Lyann.Rickard: LRickard
Jose.Ricotta: JRicotta
Katelyn.Riek: KRiek
Debora.Riveres: DRiveres
Raymond.Rizzuto: RRizzuto
Sheila.Robbins: SRobbins
Annette.Robinson: ARobinson
Bette.Rochester: BRochester
Grigorly.Rodgers: GRodgers
Jerry.Rogers: JRogers
Robert.Roll: RRoll
Marcia.Romach: MRomach
David.Romero: DRomero
Norman.Roncone: NRoncone
Marsha.Roskey: MRoskey
Michael.Ross: MRoss
Judy.Rothpearl: JRothpearl
Nadine.Rotundo: NRotundo
Kristin.Ruggieri: KRuggieri
Amy.Rush: ARush
Katherine.Sanger: KSanger
Paul.Santoli: PSantoli
Boris.Smith: BSmith
Bruce.Smith: BSmith1
John.Smith: JSmith
Michael.Solomonides: MSolomonides
Todd.Straceski: TStraceski
Wiliam.Tartnick: WTartnick
Francis.Tbartlow: FTbartlow
Julie.Vassallo: JVassallo
Danielle.Vaughn: DVaughn
Ronald.Virago: RVirago
Alicia.Weaver: AWeaver
Scott.Webster: SWebster
Leon.Weed: LWeed
George.Barido: GBarido
